day,LAI,TDM,YIELD,CWDv,CWDr,CRainv,CRainr,CVPDv,CVPDr,LAIR1,LAIR5,TDMR1,TDMR5,TWCR1,TWCR5,CTv,CTr,TWC,RADv,RADr
2013-11-10,0.2,0.0,0.0,0.0,0.0,0.0,0.0,0.0,0.0,,,,,,,0.0,0.0,0.0,0.0,0.0
2013-11-11,0.2,0.0,0.0,0.0,0.0,0.0,0.0,0.0,0.0,,,,,,,0.0,0.0,149.26932182838044,0.0,0.0
2013-11-12,0.2,0.0,0.0,0.0,0.0,0.0,0.0,0.0,0.0,,,,,,,0.0,0.0,146.71902852983882,0.0,0.0
2013-11-13,0.2,0.0,0.0,0.0,0.0,0.0,0.0,0.0,0.0,,,,,,,0.0,0.0,140.4750426596354,0.0,0.0
2013-11-14,0.2,0.0,0.0,0.0,0.0,0.0,0.0,0.0,0.0,,,,,,,0.0,0.0,137.46134489139487,0.0,0.0
2013-11-15,0.2,0.0,0.0,0.0,0.0,0.0,0.0,0.0,0.0,,,,,,,0.0,0.0,136.1424741940423,0.0,0.0
2013-11-16,0.2,0.0,0.0,0.0,0.0,0.0,0.0,0.0,0.0,,,,,,,0.0,0.0,151.638602074555,0.0,0.0
2013-11-17,0.2,0.0,0.0,0.0,0.0,0.0,0.0,0.0,0.0,,,,,,,0.0,0.0,146.16754242727592,0.0,0.0
2013-11-18,0.2,0.0,0.0,0.0,0.0,0.0,0.0,0.0,0.0,,,,,,,0.0,0.0,140.11849388677922,0.0,0.0
2013-11-19,0.2342452358031959,0.003494411816652642,0.0,-1.0,0.0,0.0,0.0,1.0027557176373134,0.0,,,,,,,0.0,0.0,137.7201613151822,1.2304266960044514,0.0
2013-11-20,0.24627224453369498,0.004715198712979406,0.0,-1.4640586417803414,0.0,3.6836530081741397,0.0,1.345169689580416,0.0,,,,,,,0.2442517382348854,0.0,140.74690712850943,1.6602812369645794,0.0
2013-11-21,0.2617796236365911,0.006283744594008092,0.0,-2.219806903545456,0.0,3.792161852357159,0.0,1.995168792329461,0.0,,,,,,,0.6136791167868904,0.0,138.8181464489221,2.2125861246507363,0.0
2013-11-22,0.29200234071120995,0.009327261753459298,0.0,-2.850379524993451,0.0,3.8940815972101457,0.0,2.95602227628836,0.0,,,,,,,1.1806632793964866,0.0,136.78966463849613,3.2842470962884853,0.0
2013-11-23,0.3228505258437279,0.012422114143192643,0.0,-3.283395362383855,0.0,3.8940815972101457,0.0,4.248491026419814,0.0,,,,,,,2.020787156725183,0.0,134.707374036457,5.242600336063707,0.0
2013-11-24,0.3576240613037865,0.015895832305523324,0.0,-3.4432714850551585,0.0,3.8940815972101457,0.0,5.399994923130943,0.0,,,,,,,2.970688572319631,0.0,133.03882847283973,7.324114235204514,0.0
2013-11-25,0.3903403137823224,0.019148256488622457,0.0,-3.4933700694607106,0.0,3.9463474714726074,0.0,6.629846804317156,0.0,,,,,,,4.083842529015989,0.0,131.4806068704978,9.574854022178597,0.0
2013-11-26,0.42745394743469006,0.02281627304659134,0.0,-3.380216112764352,0.0,5.405489883712333,0.0,7.720354422476587,0.0,,,,,,,4.958582571154862,0.0,131.80423067455453,11.00826375469342,0.0
2013-11-27,0.4515041575932712,0.025178397901619787,0.0,-3.5054760706254795,0.0,14.719992291517485,0.0,8.305015514328685,0.0,,,,,,,5.56807549267484,0.0,140.16368828304243,11.839997858576677,0.0
2013-11-28,0.48410057610654117,0.028366987796872762,0.0,-3.895983149105502,0.0,51.19514606596757,0.0,8.713521371785866,0.0,,,,,,,6.125460140523948,0.0,149.23936132826805,12.9627407794404,0.0
2013-11-29,0.5304829027973776,0.03289302119177822,0.0,-4.338598501256393,0.0,51.19514606596757,0.0,9.597297440363361,0.0,,,,,,,7.34586104752521,0.0,143.35353854310995,16.08999303822052,0.0
2013-11-30,0.5712518552192019,0.036859943491710664,0.0,-4.118197594255132,0.0,51.19514606596757,0.0,10.605635818976957,0.0,,,,,,,8.783071228998654,0.0,136.96020135281498,19.519558117922436,0.0
2013-12-01,0.6111718638002586,0.04073076346120359,0.0,-3.680987412781687,0.0,51.19514606596757,0.0,11.639008600848802,0.0,,,,,,,10.284809531396112,0.0,133.27826302292848,23.037415329006915,0.0
2013-12-02,0.6503992058032291,0.044519803356217524,0.0,-3.1792491103842297,0.0,51.19514606596757,0.0,12.694685001950749,0.0,,,,,,,11.860996201174387,0.0,130.6635561950006,26.5864665015303,0.0
2013-12-03,0.6809794291547194,0.047459511892139344,0.0,-2.603062440605955,0.0,58.0969873462219,0.0,14.055364113883762,0.0,,,,,,,13.737926078426991,0.0,134.95908715673187,30.566639115227368,0.0
2013-12-04,0.7190154530208359,0.051095749928884195,0.0,-1.7261325633533509,0.0,58.0969873462219,0.0,15.155402109080795,0.0,,,,,,,15.158608359264882,0.0,129.18841475388095,34.94228583726594,0.0
2013-12-05,0.7438509009875176,0.05346464406985875,0.0,-0.8686275498602738,0.0,58.0969873462219,0.0,16.843953712469208,0.0,,,,,,,16.026791024980263,0.0,126.52637098803515,39.45546979812108,0.0
2013-12-06,0.7808692975308561,0.056981026907739186,0.0,0.603567726949527,0.0,58.0969873462219,0.0,17.98148628057009,0.0,,,,,,,17.114854042582632,0.0,124.74456604567379,44.13510366276684,0.0
2013-12-07,0.8170347356280607,0.06040674392293924,0.0,1.6650329396677084,0.0,58.0969873462219,0.0,19.14912504998736,0.0,,,,,,,18.428355635330824,0.0,123.00903150449685,49.13755957347158,0.0
2013-12-08,0.8429952900256436,0.06286042942394325,0.0,2.593307223068983,0.0,58.0969873462219,0.0,20.779325822809817,0.0,,,,,,,19.930002523381802,0.0,121.10556218417423,54.19516094548504,0.0
2013-12-09,0.8631521882641655,0.06475802373084748,0.0,4.122377950806175,0.0,58.0969873462219,0.0,22.887257947946548,0.0,,,,,,,21.508569869638514,0.0,119.22341366337413,58.408774069197854,0.0
2013-12-10,0.9299822840458235,0.07101533405105351,0.0,5.776773591789031,0.0,60.40778140328341,0.0,23.398429097310494,0.0,,,,,,,22.65941757499124,0.0,120.28392916159864,60.61205235096054,0.0
2013-12-11,0.9747370965658873,0.07519454582540533,0.0,5.927621297141759,0.0,60.40778140328341,0.0,24.355547380846243,0.0,,,,,,,24.0893546065687,0.0,118.2024460622363,65.08991519469684,0.0
2013-12-12,1.0055792363774902,0.07806705617799853,0.0,7.042920393434687,0.0,60.40778140328341,0.0,25.748057592824747,0.0,,,,,,,25.105796145968306,0.0,116.64537283489877,71.02599618051357,0.0
2013-12-13,1.0331006145710797,0.08062282828710067,0.0,8.592246281814331,0.0,60.40778140328341,0.0,27.313142361437084,0.0,,,,,,,26.322048996034404,0.0,115.01778128906516,76.81317568721646,0.0
2013-12-14,1.057833449788416,0.08291122999869945,0.0,10.328317878926454,0.0,60.40778140328341,0.0,29.061087217327543,0.0,,,,,,,27.772128652261767,0.0,113.23259233935303,82.8495621136783,0.0
2013-12-15,1.082637354639162,0.0851969668719766,0.0,12.34280924183068,0.0,60.40778140328341,0.0,30.811069923895616,0.0,,,,,,,29.42871828924452,0.0,111.32441610137624,88.58709617763228,0.0
2013-12-16,1.1055877199986317,0.08730295291814866,0.0,14.332026900717358,0.0,60.40778140328341,0.0,32.71041774116658,0.0,,,,,,,31.24559818239704,0.0,109.32075171494506,93.82725543444859,0.0
2013-12-17,1.1295604696897712,0.0894931209997191,0.0,16.149157841622756,0.0,60.40778140328341,0.0,34.53676158831636,0.0,,,,,,,33.14722537410936,0.0,107.25453719854544,99.3200426843232,0.0
2013-12-18,1.1472733660216645,0.09110772811455063,0.0,18.17358819117632,0.0,60.40778140328341,0.0,37.0141444533221,0.0,,,,,,,35.048155388817975,0.0,105.20156594475341,105.4061641174283,0.0
2013-12-19,1.1723932982902916,0.09340544222719589,0.0,20.55577885042769,0.0,60.40778140328341,0.0,38.755005066914705,0.0,,,,,,,36.89593013920418,0.0,103.22063593779235,111.54994111667021,0.0
2013-12-20,1.1953114550293835,0.09551517370137337,0.0,23.11615267963883,0.0,60.40778140328341,0.0,40.65098095245221,0.0,,,,,,,38.752739191573035,0.0,101.24493623726356,118.00231225460614,0.0
2013-12-21,1.2182604092005853,0.097652280476978,0.0,25.935781587221758,0.0,60.40778140328341,0.0,42.52267030633033,0.0,,,,,,,40.70059602830898,0.0,99.20013013984347,124.32855990526599,0.0
2013-12-22,1.241001543671387,0.09979564690257503,0.0,28.64648944586591,0.0,60.40778140328341,0.0,44.388893436556806,0.0,,,,,,,42.7670163038178,0.0,97.04980952816231,131.21246504803017,0.0
2013-12-23,1.2615305116414945,0.10175416831827651,0.0,31.399949007852218,0.0,60.40778140328341,0.0,46.43125047586818,0.0,,,,,,,44.92783019721104,0.0,94.81492832835836,138.21363020954726,0.0
2013-12-24,1.2793297263872896,0.10347458123090132,0.0,34.2312512795166,0.0,60.40778140328341,0.0,48.756273713398556,0.0,,,,,,,47.13987440002603,0.0,92.533129999241,145.3503402309967,0.0
2013-12-25,1.2957956643374955,0.10508842095721274,0.0,37.3600773979746,0.0,60.40778140328341,0.0,51.23483458582321,0.0,,,,,,,49.369621842768154,0.0,90.24216147644368,152.3357120312348,0.0
2013-12-26,1.3092603323855476,0.10642714453601172,0.0,40.49213715064484,0.0,60.40778140328341,0.0,54.22275536599544,0.0,,,,,,,51.611272919594676,0.0,87.94468968155542,159.12691351877845,0.0
2013-12-27,1.3227523352332147,0.10778956634963685,0.0,43.746158255679276,0.0,62.391202050364406,0.0,57.15870366042034,0.0,,,,,,,53.87509676095529,0.0,87.61692039145653,164.53904738089773,0.0
2013-12-28,1.3402242136834188,0.10958244858894373,0.0,46.79166147906178,0.0,62.401179341158674,0.0,59.389748127426934,0.0,,,,,,,56.171138511449826,0.0,85.00274126224988,170.86151085150775,0.0
2013-12-29,1.3564552887394878,0.11127471251442193,0.0,49.469200930045425,0.0,62.401179341158674,0.0,61.753445621521806,0.0,,,,,,,58.499633702917386,0.0,82.40908456878573,177.32155798244514,0.0
2013-12-30,1.3753759681469604,0.11327937393007477,0.0,52.24760955370104,0.0,62.401179341158674,0.0,63.74879504500406,0.0,,,,,,,60.84558039042451,0.0,79.8810844709494,182.17731902573854,0.0
2013-12-31,1.3922336029694944,0.11509654263524292,0.0,54.48863631942284,0.0,67.90793741063968,0.0,65.95002159519927,0.0,,,,,,,63.20056812733483,0.0,82.82457394786046,188.91835065970636,0.0
2014-01-01,1.411516566747203,0.1172127452066914,0.0,57.90097729226036,0.0,67.90793741063968,0.0,67.84019981063454,0.0,,,,,,,65.55639956574227,0.0,78.59117977937987,194.39109697064777,0.0
2014-01-02,1.437802043286473,0.1201422569338529,0.0,60.51360405169435,0.0,81.39580833375834,0.0,69.20561506496286,0.0,,,,,,,67.91408536248385,0.0,88.8298611937667,200.71485718275756,0.0
2014-01-03,1.4765100974845426,0.12452719892021169,0.0,62.608492242548024,0.0,107.42731168920709,0.0,69.66272700440324,0.0,,,,,,,69.05524704355004,0.0,112.57215820542255,202.25885083992614,0.0
2014-01-04,1.5054645966610325,0.1278471425676484,0.0,62.74965392361422,0.0,107.42731168920709,0.0,70.86756673205595,0.0,,,,,,,72.59547638672505,0.0,105.59947600268391,210.3246254888251,0.0
2014-01-05,1.527069369860791,0.13034801605467974,0.0,65.28988326678923,0.0,107.42731168920709,0.0,72.46700789561044,0.0,,,,,,,76.71117636922372,0.0,97.60041399807335,218.48382554813816,0.0
2014-01-06,1.549045943067585,0.1329214432024371,0.0,68.4055832492879,0.0,107.42731168920709,0.0,74.02135537480208,0.0,,,,,,,80.4892939002505,0.0,90.33725298733384,226.4465266923624,0.0
2014-01-07,1.5658520008505123,0.13492120497672108,0.0,71.18370078031468,0.0,107.42731168920709,0.0,76.02159362889724,0.0,,,,,,,85.29761993710363,0.0,83.54620317400706,234.58512031005262,0.0
2014-01-08,1.5831315469380378,0.13701594236278064,0.0,74.99202681716781,0.0,148.42891883395907,0.0,76.98892985597732,0.0,,,,,,,86.85641145881613,0.0,122.64987298097132,235.3227038966933,0.0
2014-01-09,1.6139707715270577,0.1408267374515138,0.0,75.5508183388803,0.0,148.42891883395907,0.0,78.03857957653727,0.0,1.6139707715270577,,1408.267374515138,,116.02680701145731,,90.38179181105546,0.0,116.02680701145731,243.52095466108045,0.0
2014-01-10,1.6491642198433305,0.14522591849104788,0.0,78.07619869111964,0.0,156.97975809545403,0.0,78.94783972383588,0.0,1.6139707715270577,,1408.267374515138,,116.02680701145731,,93.51797358158032,0.0,118.76086187722515,250.4896072062582,0.0
2014-01-11,1.7035922390610987,0.1520294208932689,0.0,78.07619869111964,2.1361817705248636,156.97975809545403,8.533119756399145,78.94783972383588,0.5879324741171819,1.6139707715270577,,1408.267374515138,,116.02680701145731,,93.51797358158032,2.4316910104070173,122.84750356303998,250.4896072062582,5.68558576457192
2014-01-12,1.7437076016320656,0.15704508582888388,0.004898622206578134,78.07619869111964,3.567872780931881,156.97975809545403,8.533119756399145,78.94783972383588,1.3854339123805324,1.6139707715270577,,1408.267374515138,,116.02680701145731,,93.51797358158032,5.601310627107973,117.1729264434882,250.4896072062582,13.070428199786708
2014-01-13,1.7833191358668223,0.16200197348901368,0.02764056431878414,78.07619869111964,5.737492397632837,156.97975809545403,8.533119756399145,78.94783972383588,2.192391881626752,1.6139707715270577,,1408.267374515138,,116.02680701145731,,93.51797358158032,8.870457421922122,111.40706855309179,250.4896072062582,21.203467580038975
2014-01-14,1.817834856065012,0.1663276742259439,0.07485015039938223,78.07619869111964,8.006639192446986,156.97975809545403,8.533119756399145,78.94783972383588,3.1170975520515247,1.6139707715270577,,1408.267374515138,,116.02680701145731,,93.51797358158032,12.318056583824815,105.41269283427881,250.4896072062582,29.2777862654917
2014-01-15,1.847412531640971,0.1700477473044099,0.1719043326398398,78.07619869111964,10.45423835434968,156.97975809545403,8.533119756399145,78.94783972383588,4.1923452462848365,1.6139707715270577,,1408.267374515138,,116.02680701145731,,93.51797358158032,16.0466839710052,99.53309676242098,250.4896072062582,37.92069506421625
2014-01-16,1.870900974769887,0.17302289164537799,0.3402221780039921,78.07619869111964,13.182865741530069,156.97975809545403,8.533119756399145,78.94783972383588,5.53681783032708,1.6139707715270577,,1408.267374515138,,116.02680701145731,,93.51797358158032,20.084040758943257,94.12404622239043,250.4896072062582,46.64553972873761
2014-01-17,1.8912329804289896,0.1756283444520459,0.6193743415867368,78.07619869111964,16.220222529468124,156.97975809545403,8.533119756399145,78.94783972383588,7.072059608555854,1.6139707715270577,,1408.267374515138,,116.02680701145731,,93.51797358158032,24.241749782235583,89.04183254133659,250.4896072062582,54.92362722795261
2014-01-18,1.9051576165285455,0.17744283475246378,0.943564826653234,78.07619869111964,19.37793155276045,156.97975809545403,8.533119756399145,78.94783972383588,9.276535432471128,1.6139707715270577,,1408.267374515138,,116.02680701145731,,93.51797358158032,29.088275228441617,83.43154263001011,250.4896072062582,63.11678074410558
2014-01-19,1.917983471743747,0.17916782575196635,1.4901639035517587,78.07619869111964,23.224456998966485,156.97975809545403,8.533119756399145,78.94783972383588,11.595388111211754,1.6139707715270577,,1408.267374515138,,116.02680701145731,,93.51797358158032,34.328056375808956,77.59786571489845,250.4896072062582,71.86509238288984
2014-01-20,1.939013667601382,0.18211225625373262,2.922499542228587,78.07619869111964,27.464238146333827,156.97975809545403,8.591386986562284,78.94783972383588,12.953885110071308,1.6139707715270577,,1408.267374515138,,116.02680701145731,,93.51797358158032,38.703696243540556,72.91250558570391,250.4896072062582,80.14872621229502
2014-01-21,1.955082623891123,0.18439492788351738,4.134628877113959,78.07619869111964,30.839878014065423,156.97975809545403,10.685654133928335,78.94783972383588,14.706217748637094,1.6139707715270577,,1408.267374515138,,116.02680701145731,,93.51797358158032,42.48664841940757,70.95948401050735,250.4896072062582,84.9145111502484
2014-01-22,1.9772653218319605,0.18760943155061513,6.0424540123645425,78.07619869111964,33.62283734946992,156.97975809545403,20.936891957502304,78.94783972383588,15.950577816084598,1.6139707715270577,,1408.267374515138,,116.02680701145731,,93.51797358158032,45.03634063344512,78.25481655808773,250.4896072062582,87.50674224990573
2014-01-23,2.006801468369952,0.19183733760592814,8.1785713739294,78.07619869111964,35.17272448100387,156.97975809545403,20.936891957502304,78.94783972383588,16.8966726317377,1.6139707715270577,,1408.267374515138,,116.02680701145731,,93.51797358158032,48.2597376606413,72.99516913974604,250.4896072062582,94.04295419106859
2014-01-24,2.0279192154573464,0.19508803167979463,10.741784302680578,78.07619869111964,37.39682336942535,156.97975809545403,39.54853684950238,78.94783972383588,18.12717907408718,1.6139707715270577,,1408.267374515138,,116.02680701145731,,93.51797358158032,52.09262817195716,85.40732571280338,250.4896072062582,100.35246420656735
2014-01-25,2.0542226540123196,0.19956168853617284,15.878776199089534,78.07619869111964,40.23127228673765,156.97975809545403,88.25633273169191,78.94783972383588,19.021302188223014,1.6139707715270577,,1408.267374515138,,116.02680701145731,,93.51797358158032,54.826825236850176,129.35631297003374,250.4896072062582,103.06334532745579
2014-01-26,2.081234489094807,0.20393108439206287,19.904788432636217,78.07619869111964,41.967322313790135,156.97975809545403,88.25633273169191,78.94783972383588,19.93676055636513,1.6139707715270577,,1408.267374515138,,116.02680701145731,,93.51797358158032,58.573828491094744,123.37832929105254,250.4896072062582,112.35114528022754
2014-01-27,2.1050941257487708,0.20827833557400682,25.796288924409616,78.07619869111964,44.71662562983086,156.97975809545403,88.25633273169191,78.94783972383588,20.85688222235346,1.6139707715270577,,1408.267374515138,,116.02680701145731,,93.51797358158032,61.935648872375246,118.05530267979015,250.4896072062582,120.50463395126408
2014-01-28,2.1322661258001863,0.21324160327025898,32.42875963023444,78.07619869111964,47.08116255852566,156.97975809545403,89.11038960421332,78.94783972383588,21.662802886882687,1.6139707715270577,,1408.267374515138,,116.02680701145731,,93.51797358158032,64.19318850333357,115.35808857817909,250.4896072062582,124.94917687489921
2014-01-29,2.162585501128704,0.220194002659336,46.46835745813469,78.07619869111964,48.34108296820521,156.97975809545403,121.45972907350219,78.94783972383588,21.95523659902535,1.6139707715270577,,1408.267374515138,,116.02680701145731,,93.51797358158032,65.45519805291096,145.7365653575214,250.4896072062582,127.39720482879957
2014-01-30,2.1991475653373405,0.2259206212141369,50.192423068552124,78.07619869111964,48.60488577284531,156.97975809545403,121.73387683749141,78.94783972383588,22.653729079661524,1.6139707715270577,,1408.267374515138,,116.02680701145731,,93.51797358158032,67.77629760432792,142.41517359556946,250.4896072062582,131.8776109604536
2014-01-31,2.242855600895037,0.23430240110824957,61.591138259779555,78.07619869111964,49.92905661593182,156.97975809545403,122.4718636025534,78.94783972383588,23.130954686934935,1.6139707715270577,,1408.267374515138,,116.02680701145731,,93.51797358158032,69.7783095068414,140.08102954540996,250.4896072062582,136.25979191247194
2014-02-01,2.2696074787246054,0.23943855861177318,68.32397939691366,78.07619869111964,50.934109003251145,156.97975809545403,124.93262570620014,78.94783972383588,23.909747003419746,1.6139707715270577,,1408.267374515138,,116.02680701145731,,93.51797358158032,73.41033727264656,137.0293372624047,250.4896072062582,144.38384420439172
2014-02-02,2.2852309798249144,0.24689660795455345,92.72820417848706,78.07619869111964,53.57197975386384,156.97975809545403,158.09904009134024,78.94783972383588,24.356111476185948,1.6139707715270577,,1408.267374515138,,116.02680701145731,,93.51797358158032,74.98994153972404,149.71805645789703,250.4896072062582,147.0099179166383
2014-02-03,2.3158475525946454,0.2530833415662755,100.98722869832429,78.07619869111964,54.154613626438355,156.97975809545403,168.65294104686876,78.94783972383588,25.002656204153734,1.6139707715270577,,1408.267374515138,,116.02680701145731,,93.51797358158032,76.93761333684027,149.1740891851427,250.4896072062582,149.96526615714933
2014-02-04,2.3243876506756305,0.2603377903913307,127.94418187526509,78.07619869111964,55.10610272580506,156.97975809545403,172.28197088949972,78.94783972383588,25.27850832624748,1.6139707715270577,,1408.267374515138,,116.02680701145731,,93.51797358158032,78.2725157803616,150.10905687351274,250.4896072062582,152.51964954625328
2014-02-05,2.3668716698244205,0.2693848672993786,140.2975817711687,78.07619869111964,55.443925814344425,156.97975809545403,172.28197088949972,78.94783972383588,25.72064008224502,1.6139707715270577,,1408.267374515138,,116.02680701145731,,93.51797358158032,80.97395056792207,146.0881219457395,250.4896072062582,159.29444514104443
2014-02-06,2.3745580970570495,0.2731516334933242,151.69868548812255,78.07619869111964,57.151173485831,156.97975809545403,182.6030401541135,78.94783972383588,26.782558925636266,1.6139707715270577,,1408.267374515138,,116.02680701145731,,93.51797358158032,84.9993800491383,146.1667087327846,250.4896072062582,166.45180084655945
2014-02-07,2.3053318454156315,0.2774728329411196,215.32084813711154,78.07619869111964,60.18552416384384,156.97975809545403,245.6229270210291,78.94783972383588,27.10105760664004,1.6139707715270577,,1408.267374515138,,116.02680701145731,,93.51797358158032,86.23408367620283,150.2830555618607,250.4896072062582,167.97334994789583
2014-02-08,2.3182842087909257,0.2834406683743236,231.932263537758,78.07619869111964,60.42342938342302,156.97975809545403,282.26362185328503,78.94783972383588,27.497418110909127,1.6139707715270577,,1408.267374515138,,116.02680701145731,,93.51797358158032,87.49583493439238,150.21318287856084,250.4896072062582,170.07470045254513
2014-02-09,2.3452193081192227,0.2911295087214963,245.9834820937185,78.07619869111964,60.68852267078846,156.97975809545403,306.68226708922657,78.94783972383588,28.01765260914147,1.6139707715270577,,1408.267374515138,,116.02680701145731,,93.51797358158032,90.7997772242466,147.1746489172967,250.4896072062582,177.94734209327692
2014-02-10,2.3276956623209197,0.29976262391171327,291.9349535897841,78.07619869111964,63.0007280476504,156.97975809545403,324.6166906703445,78.94783972383588,28.480984779727216,1.6139707715270577,,1408.267374515138,,116.02680701145731,,93.51797358158032,93.01978136465536,148.8110701234594,250.4896072062582,182.79906170312051
2014-02-11,2.328610135720309,0.30901200335991375,327.49141120073165,78.07619869111964,64.22664830405857,156.97975809545403,325.92385460060706,78.94783972383588,28.913446224562655,1.6139707715270577,,1408.267374515138,,116.02680701145731,,93.51797358158032,95.0549978052184,147.0906806083536,250.4896072062582,187.32751758688144
2014-02-12,2.3293658151824848,0.320052333702639,369.16813528475626,78.07619869111964,65.26746047315201,156.97975809545403,338.9408749546816,78.94783972383588,29.275754224036213,1.6139707715270577,,1408.267374515138,,116.02680701145731,,93.51797358158032,97.03370608962135,149.1570542438554,250.4896072062582,191.68613756168227
2014-02-13,2.3262731965579015,0.32640012943221686,394.6447337227214,78.07619869111964,66.25177791466773,156.97975809545403,338.9408749546816,78.94783972383588,29.905894223872977,1.6139707715270577,,1408.267374515138,,116.02680701145731,,93.51797358158032,100.43249025982367,144.1030316374236,250.4896072062582,200.02844987865288
2014-02-14,2.2917181313327175,0.33216902880154087,437.8236173631273,78.07619869111964,68.65995196256496,156.97975809545403,338.9408749546816,78.94783972383588,30.599267386398555,1.6139707715270577,,1408.267374515138,,116.02680701145731,,93.51797358158032,103.63732907379399,139.33383841783007,250.4896072062582,207.27094069339316
2014-02-15,2.3011886395366075,0.33754871213740023,450.34721524710756,78.07619869111964,70.87389525452586,156.97975809545403,338.9408749546816,78.94783972383588,31.342805574480597,1.6139707715270577,,1408.267374515138,,116.02680701145731,,93.51797358158032,107.11729572436728,134.11255600582285,250.4896072062582,215.75258871169638
2014-02-16,2.3095218678644134,0.343192326175481,464.09993845849806,78.07619869111964,73.36391036873223,156.97975809545403,338.9408749546816,78.94783972383588,32.05157126487148,1.6139707715270577,,1408.267374515138,,116.02680701145731,,93.51797358158032,110.16336529332057,129.5524811618152,250.4896072062582,222.4526975843555
2014-02-17,2.316699415633634,0.34929221184469017,479.66838818556056,78.07619869111964,75.41906420542871,156.97975809545403,338.9408749546816,78.94783972383588,32.70732126034944,1.6139707715270577,,1408.267374515138,,116.02680701145731,,93.51797358158032,113.29238781025384,124.8774034972668,250.4896072062582,230.0068057743862
2014-02-18,2.3214207629957504,0.35511540811261916,495.35288327951616,78.07619869111964,77.5575930556615,156.97975809545403,338.9408749546816,78.94783972383588,33.39422924283147,1.6139707715270577,,1408.267374515138,,116.02680701145731,,93.51797358158032,116.49544809732785,120.25261555107959,250.4896072062582,237.67149219081662
2014-02-19,2.3232584731486585,0.3604889813976782,510.80218631824687,78.07619869111964,79.77056333690948,156.97975809545403,341.1190257723748,78.94783972383588,34.13861287506401,1.6139707715270577,,1408.267374515138,,116.02680701145731,,93.51797358158032,119.75895071510531,118.09743156301892,250.4896072062582,245.25626634955088
2014-02-20,2.3215591217750142,0.368481554053284,535.5065048612057,78.07619869111964,82.04434898595765,156.97975809545403,342.476887255575,78.94783972383588,34.63907751546919,1.6139707715270577,,1408.267374515138,,116.02680701145731,,93.51797358158032,121.56859302787541,116.89416953923241,250.4896072062582,248.54167941966838
2014-02-21,2.314940201078247,0.37705203370868695,563.8736827416277,78.07619869111964,82.8603311564048,156.97975809545403,342.476887255575,78.94783972383588,35.1057958510618,1.6139707715270577,,1408.267374515138,,116.02680701145731,,93.51797358158032,124.17048539669828,113.07410486013457,250.4896072062582,255.10989006936677
2014-02-22,2.307222191876545,0.3829182284960325,584.5435736597232,78.07619869111964,84.47096642085307,156.97975809545403,343.3960604313653,78.94783972383588,35.78766887863816,1.6139707715270577,,1408.267374515138,,116.02680701145731,,93.51797358158032,127.02812259854392,110.08497957568572,250.4896072062582,262.0620038620636
2014-02-23,2.288186868600012,0.3929670897596455,622.2500577135335,78.07619869111964,86.33826095886101,156.97975809545403,347.47645533836607,78.94783972383588,36.185723931351845,1.6139707715270577,,1408.267374515138,,116.02680701145731,,93.51797358158032,129.5998011297245,110.66953893761502,250.4896072062582,269.1714020159645
2014-02-24,2.275535441378373,0.39832363591003295,643.3447061566985,78.07619869111964,87.91895737904048,156.97975809545403,347.47645533836607,78.94783972383588,36.93247377494475,1.6139707715270577,,1408.267374515138,,116.02680701145731,,93.51797358158032,132.30894615319136,106.60044379701638,250.4896072062582,275.38079107360255
2014-02-25,2.261148568848298,0.40338484530998225,664.2474652763805,78.07619869111964,89.63770484418306,156.97975809545403,347.6419138431752,78.94783972383588,37.722798711913384,1.6139707715270577,,1408.267374515138,,116.02680701145731,,93.51797358158032,135.62487508966476,101.77024796924607,250.4896072062582,283.585818460575
2014-02-26,2.2335687958305788,0.41160117973841764,699.8752659277533,78.07619869111964,91.96523182661454,156.97975809545403,347.6419138431752,78.94783972383588,38.20963381275308,1.6139707715270577,,1408.267374515138,,116.02680701145731,,93.51797358158032,137.94024387376194,98.54063630790698,250.4896072062582,289.3873683005377
2014-02-27,2.213506333802517,0.41700795211894515,724.0910411099105,78.07619869111964,93.2894952532949,156.97975809545403,347.6419138431752,78.94783972383588,38.949446721172535,1.6139707715270577,,1408.267374515138,,116.02680701145731,,93.51797358158032,140.81846112784962,94.71671463114346,250.4896072062582,295.7522785272734
2014-02-28,2.1859156115287854,0.42368851035151767,755.1448087297649,78.07619869111964,95.17847516754914,156.97975809545403,347.6575104569432,78.94783972383588,39.54819907999446,1.6139707715270577,,1408.267374515138,,116.02680701145731,,93.51797358158032,143.10214333519036,91.84654665860518,250.4896072062582,300.9717344955211
2014-03-01,2.1532498183614477,0.43092778102487717,789.9193580769708,78.07619869111964,96.47140150195676,156.97975809545403,347.6575104569432,78.94783972383588,40.10074092854282,1.6139707715270577,,1408.267374515138,,116.02680701145731,,93.51797358158032,145.4402134270392,88.97295040264446,250.4896072062582,306.91489885131705
2014-03-02,2.1234065790051866,0.4369318088595788,819.8820858101359,78.07619869111964,97.81909049414904,156.97975809545403,347.6575104569432,78.94783972383588,40.76696035825317,1.6139707715270577,,1408.267374515138,,116.02680701145731,,93.51797358158032,148.15804498952562,85.71131189427662,250.4896072062582,314.0428813769176
2014-03-03,2.0890959542055483,0.4432248749936073,852.5289148129779,78.07619869111964,99.54791084080398,156.97975809545403,347.6575104569432,78.94783972383588,41.402580565447686,1.6139707715270577,,1408.267374515138,,116.02680701145731,,93.51797358158032,150.66189778705015,82.77771424524742,250.4896072062582,320.137808748671
2014-03-04,2.0483203453275034,0.4500631265667868,889.4422471376761,78.07619869111964,101.0623959553178,156.97975809545403,347.6575104569432,78.94783972383588,41.987525409490644,1.6139707715270577,,1408.267374515138,,116.02680701145731,,93.51797358158032,152.90241659176053,80.1977372058572,250.4896072062582,324.9198271466158
2014-03-05,1.999602573782468,0.45758119607391573,931.635128691447,78.07619869111964,102.31302738126818,156.97975809545403,363.9216248121355,78.94783972383588,42.5195768884251,1.6139707715270577,,1408.267374515138,,116.02680701145731,,93.51797358158032,155.10693359242651,93.95407255789148,250.4896072062582,329.7088537464264
2014-03-06,1.9308043665209857,0.46726473875806457,988.5000340544968,78.07619869111964,103.52779646250448,156.97975809545403,364.4145907474803,78.94783972383588,42.93264885293946,1.6139707715270577,,1408.267374515138,,116.02680701145731,,93.51797358158032,157.09569562060418,91.21811021631578,250.4896072062582,334.8158595893583
2014-03-07,1.8605309338988434,0.4764268648686453,1044.474057239109,78.07619869111964,104.52595021636535,156.97975809545403,364.4145907474803,78.94783972383588,43.369228741900024,1.6139707715270577,,1408.267374515138,,116.02680701145731,,93.51797358158032,159.28479409869817,87.58818327810748,250.4896072062582,340.98637145546553
2014-03-08,1.820301144920136,0.4815053783886206,1076.0717111620756,78.07619869111964,105.72519703936514,156.97975809545403,364.4145907474803,78.94783972383588,44.15686078900727,1.6139707715270577,,1408.267374515138,,116.02680701145731,,93.51797358158032,161.95452028658266,83.05960857940883,250.4896072062582,348.15072434925924
2014-03-09,1.784084090603019,0.4860335449988169,1104.4353231916884,78.07619869111964,107.40673468117292,156.97975809545403,364.4145907474803,78.94783972383588,45.040220511459395,1.6139707715270577,,1408.267374515138,,116.02680701145731,,93.51797358158032,164.59035032556795,78.52684923052985,250.4896072062582,355.2209819504647
2014-03-10,1.7431161526279633,0.491103574062459,1136.4216082520254,78.07619869111964,109.05459288855862,156.97975809545403,365.91929579217054,78.94783972383588,45.82917062393203,1.6139707715270577,,1408.267374515138,,116.02680701145731,,93.51797358158032,166.96957469678367,75.88734065748335,250.4896072062582,360.79909936664376
2014-03-11,1.6951006426289659,0.49697427355924895,1173.7759461957053,78.07619869111964,110.44540369336113,156.97975809545403,376.8424351530043,78.94783972383588,46.51052043619668,1.6139707715270577,,1408.267374515138,,116.02680701145731,,93.51797358158032,169.2447640957405,82.78796756576942,250.4896072062582,366.4233205702592
2014-03-12,1.6597238766589189,0.5012557706648822,1201.2152562222714,78.07619869111964,111.73217038452889,156.97975809545403,376.8424351530043,78.94783972383588,47.44477308224823,1.6139707715270577,,1408.267374515138,,116.02680701145731,,93.51797358158032,171.7769969657537,78.2300533477899,250.4896072062582,372.9914413682189
2014-03-13,1.6243270954552345,0.50549303749568,1228.5823840052874,78.07619869111964,113.27667739597885,156.97975809545403,376.8424351530043,78.94783972383588,48.38877782863965,1.6139707715270577,,1408.267374515138,,116.02680701145731,,93.51797358158032,174.4305259970135,73.38753473475747,250.4896072062582,379.43387774768803
2014-03-14,1.5807521460131966,0.5106416764703189,1262.1453667031283,78.07619869111964,114.94316565821573,156.97975809545403,376.8424351530043,78.94783972383588,49.165682175536595,1.6139707715270577,,1408.267374515138,,116.02680701145731,,93.51797358158032,176.92638210207616,68.76705723965593,250.4896072062582,385.78568791682176
2014-03-15,1.5138513045495194,0.5184458717267059,1313.4857769747593,78.07619869111964,116.4518501326842,156.97975809545403,399.5406813637401,78.94783972383588,49.678227014381626,1.6139707715270577,,1408.267374515138,,116.02680701145731,,93.51797358158032,178.6755268396869,88.16636415832335,250.4896072062582,389.39459453380044
2014-03-16,1.462503442447645,0.5243376229614463,1352.7061650886603,78.07619869111964,117.2118411545422,156.97975809545403,402.82420812035747,78.94783972383588,50.35714230469705,1.6139707715270577,,1408.267374515138,,116.02680701145731,,93.51797358158032,180.8524570406276,87.22515227934747,250.4896072062582,393.984853779012
2014-03-17,1.4095442395698148,0.5303378407728216,1393.0136508528576,78.07619869111964,118.39918290884384,156.97975809545403,402.82420812035747,78.94783972383588,51.02378477097831,1.6139707715270577,,1408.267374515138,,116.02680701145731,,93.51797358158032,182.87441129336582,83.20678530659173,250.4896072062582,398.7428811083143
2014-03-18,1.3660411920856825,0.5352000582782219,1425.9987531654165,78.07619869111964,119.43110697427346,156.97975809545403,402.82420812035747,78.94783972383588,51.846454673251785,1.6139707715270577,,1408.267374515138,,116.02680701145731,,93.51797358158032,185.1584048683452,78.5499903363297,250.4896072062582,403.9813418006995
2014-03-19,1.3078628487279087,0.5416237765017136,1469.9630451014805,78.07619869111964,120.72594056034362,156.97975809545403,402.87328681897986,78.94783972383588,52.46914699268945,1.6139707715270577,,1408.267374515138,,116.02680701145731,,93.51797358158032,187.00591945512096,74.74707754025707,250.4896072062582,408.6579648116859
2014-03-20,1.240185458505107,0.5490417397066766,1521.0029702741726,78.07619869111964,121.58306867154587,156.97975809545403,404.247065400483,78.94783972383588,52.986001555418994,1.6139707715270577,,1408.267374515138,,116.02680701145731,,93.51797358158032,188.28371619214576,73.37108731835733,250.4896072062582,411.2699236866729
2014-03-21,1.1710289749463834,0.5565644097690617,1573.0504395950015,78.07619869111964,121.86874203603736,156.97975809545403,404.247065400483,78.94783972383588,53.51772765357671,1.6139707715270577,,1408.267374515138,,116.02680701145731,,93.51797358158032,189.6170825224827,70.39531842082377,250.4896072062582,414.88372997948585
2014-03-22,1.10560588119965,0.5636116154355562,1622.1577555315882,78.07619869111964,122.21006621963646,156.97975809545403,404.247065400483,78.94783972383588,54.08532851401673,1.6139707715270577,,1408.267374515138,,116.02680701145731,,93.51797358158032,191.0232164059268,67.64958725747074,250.4896072062582,417.5271103394204
2014-03-23,1.0517395475313103,0.5693769110512197,1662.5207902774312,78.07619869111964,122.6242963179741,156.97975809545403,404.247065400483,78.94783972383588,54.779135088155364,1.6139707715270577,,1408.267374515138,,116.02680701145731,,93.51797358158032,192.6048956248861,64.88814664325226,250.4896072062582,421.84707291816585
2014-03-24,1.0070603160925407,0.5741392415695321,1695.9627758890324,78.07619869111964,123.21454397089727,156.97975809545403,404.247065400483,78.94783972383588,55.619059991439364,1.6139707715270577,,1408.267374515138,,116.02680701145731,,93.51797358158032,194.27341346906394,62.26629586720542,250.4896072062582,426.182403507755
2014-03-25,0.9597076106088983,0.5791526455017089,1731.3421178707447,78.07619869111964,123.89187939798323,156.97975809545403,404.247065400483,78.94783972383588,56.41692109621239,1.6139707715270577,0.9597076106088983,1408.267374515138,5791.526455017089,116.02680701145731,60.13875043172388,93.51797358158032,195.74957141849634,60.13875043172388,250.4896072062582,430.232304551187
2014-03-26,0.8830355840302865,0.587184816049092,1788.380891408187,78.07619869111964,124.37627552377714,156.97975809545403,404.247065400483,78.94783972383588,56.91491849011773,1.6139707715270577,0.9597076106088983,1408.267374515138,5791.526455017089,116.02680701145731,60.13875043172388,93.51797358158032,196.9683790257864,58.47327852172731,250.4896072062582,433.60499570552287
2014-03-27,0.8141815982461686,0.5943095858605029,1839.295293774491,78.07619869111964,124.60250233700728,156.97975809545403,404.247065400483,78.94783972383588,57.37689874496049,1.6139707715270577,0.9597076106088983,1408.267374515138,5791.526455017089,116.02680701145731,60.13875043172388,93.51797358158032,197.97299363630134,57.13053995181747,250.4896072062582,436.1137174701042
2014-03-28,0.7652724612861738,0.5992838487687172,1875.1617697395193,78.07619869111964,124.61371811038578,156.97975809545403,414.8035759974062,78.94783972383588,57.92125280967576,1.6139707715270577,0.9597076106088983,1408.267374515138,5791.526455017089,116.02680701145731,60.13875043172388,93.51797358158032,198.82896377364358,66.55878685937694,250.4896072062582,437.8652184941233
2014-03-29,0.6859171555178573,0.6071993754507908,1932.825208257046,78.07619869111964,124.47566158910531,156.97975809545403,415.4661565117924,78.94783972383588,58.37104942091281,1.6139707715270577,0.9597076106088983,1408.267374515138,5791.526455017089,116.02680701145731,60.13875043172388,93.51797358158032,199.83036612082094,63.94973212869244,250.4896072062582,440.65237577654364
2014-03-30,0.6209610492842673,0.613553264191688,1979.603435914605,78.07619869111964,124.48336223213076,156.97975809545403,415.4661565117924,78.94783972383588,59.000585152984065,1.6139707715270577,0.9597076106088983,1408.267374515138,5791.526455017089,116.02680701145731,60.13875043172388,93.51797358158032,200.88443189142654,60.1763167034907,250.4896072062582,443.3315480146834
2014-03-31,0.598025191097777,0.6151702376732303,1991.6504982626104,78.07619869111964,124.54366853442345,156.97975809545403,440.9984123471487,78.94783972383588,59.35200483301207,1.6139707715270577,0.9597076106088983,1408.267374515138,5791.526455017089,116.02680701145731,60.13875043172388,93.51797358158032,201.36073852351421,84.00201187833909,250.4896072062582,443.9009048743814
2014-04-01,0.5342975386964515,0.6211712342740575,2036.7785442092134,78.07619869111964,124.02425450223585,156.97975809545403,440.9984123471487,78.94783972383588,60.01856078464327,1.6139707715270577,0.9597076106088983,1408.267374515138,5791.526455017089,116.02680701145731,60.13875043172388,93.51797358158032,202.34795527487444,80.03019741631053,250.4896072062582,446.40478722446164
2014-04-02,0.46781057204877396,0.6273703382179892,2083.6619400550767,78.07619869111964,124.0166142099302,156.97975809545403,440.9984123471487,78.94783972383588,60.56078259008344,1.6139707715270577,0.9597076106088983,1408.267374515138,5791.526455017089,116.02680701145731,60.13875043172388,93.51797358158032,203.149855797612,76.47030000277998,250.4896072062582,448.5875703033108
2014-04-03,0.4306066885592732,0.6307985701156237,2109.7671576251264,78.07619869111964,123.82291656868591,156.97975809545403,440.9984123471487,78.94783972383588,61.13680945055339,1.6139707715270577,0.9597076106088983,1408.267374515138,5791.526455017089,116.02680701145731,60.13875043172388,93.51797358158032,203.76388631032808,73.40290411787855,250.4896072062582,449.7946942109286
2014-04-04,0.3848684064893595,0.634948519601107,2141.6578319952478,78.07619869111964,123.4405712699329,156.97975809545403,440.9984123471487,78.94783972383588,61.67155490313458,1.6139707715270577,0.9597076106088983,1408.267374515138,5791.526455017089,116.02680701145731,60.13875043172388,93.51797358158032,204.36997183039668,70.60222001701445,250.4896072062582,451.2559440297607
2014-04-05,0.3452507743961488,0.6384811234059008,2169.090124190123,78.07619869111964,123.0501412879126,156.97975809545403,441.72973537724613,78.94783972383588,62.32924192321253,1.6139707715270577,0.9597076106088983,1408.267374515138,5791.526455017089,116.02680701145731,60.13875043172388,93.51797358158032,204.91600025590535,69.44209541295918,250.4896072062582,452.4998186089135
2014-04-06,0.33333398681299725,0.6394534711356211,2176.7440617876637,78.07619869111964,122.59932195272081,156.97975809545403,447.59701850264463,78.94783972383588,62.84931816356234,1.6139707715270577,0.9597076106088983,1408.267374515138,5791.526455017089,116.02680701145731,60.13875043172388,93.51797358158032,205.16020996828036,74.49153084486723,250.4896072062582,452.8421945700826
2014-04-07,0.3074327249962116,0.6416638900010384,2194.386002289997,78.07619869111964,121.84561926807386,156.97975809545403,447.70916202431874,78.94783972383588,63.19799616741849,1.6139707715270577,0.9597076106088983,1408.267374515138,5791.526455017089,116.02680701145731,60.13875043172388,93.51797358158032,205.48569006883199,72.38914032531495,250.4896072062582,453.6205110719901
2014-04-08,0.295969755221656,0.6422389156805389,2199.03543207395,78.07619869111964,121.17339135802308,156.97975809545403,455.6919660419295,78.94783972383588,63.45738165208905,1.6139707715270577,0.9597076106088983,1408.267374515138,5791.526455017089,116.02680701145731,60.13875043172388,93.51797358158032,205.67030754928882,79.07295820482014,250.4896072062582,453.82298490280016
2014-04-09,0.2796541933357044,0.6435806377765092,2210.0084625026166,78.07619869111964,120.35977215445914,156.97975809545403,487.68953048626105,78.94783972383588,63.977821725457105,1.6139707715270577,0.9597076106088983,1408.267374515138,5791.526455017089,116.02680701145731,60.13875043172388,93.51797358158032,206.01861351317015,108.42595183635046,250.4896072062582,454.2954222605362
2014-04-10,0.24119414886773283,0.6467026594516142,2235.767831142221,78.07619869111964,119.71030186232761,156.97975809545403,487.68953048626105,78.94783972383588,64.60299503738395,1.6139707715270577,0.9597076106088983,1408.267374515138,5791.526455017089,116.02680701145731,60.13875043172388,93.51797358158032,206.48784799439025,104.6772433506577,250.4896072062582,455.39472566726334
2014-04-11,0.21927681207723762,0.6484639627990606,2250.4018288439574,78.07619869111964,119.18143247358508,156.97975809545403,487.7102076998526,78.94783972383588,65.24147862917665,1.6139707715270577,0.9597076106088983,1408.267374515138,5791.526455017089,116.02680701145731,60.13875043172388,93.51797358158032,206.7631142760827,102.1698908178718,250.4896072062582,456.0149029022797
2014-04-12,0.195769130520755,0.6503335392753761,2266.049131333173,78.07619869111964,118.45793935545012,156.97975809545403,506.6403045863419,78.94783972383588,65.81521172409877,1.6139707715270577,0.9597076106088983,1408.267374515138,5791.526455017089,116.02680701145731,60.13875043172388,93.51797358158032,207.04652306948768,118.25204270849855,250.4896072062582,456.67320447844713
2014-04-13,0.17486116371322924,0.6519820440715298,2279.931337826813,78.07619869111964,117.74258110366871,156.97975809545403,512.1306154015175,78.94783972383588,66.18387622213224,1.6139707715270577,0.9597076106088983,1408.267374515138,5791.526455017089,116.02680701145731,60.13875043172388,93.51797358158032,207.2753370980101,121.18191975667024,250.4896072062582,457.25366391371256
2014-04-14,0.1600213228344875,0.6531479999414908,2289.774750602812,78.07619869111964,116.97230601759792,156.97975809545403,513.5201079318566,78.94783972383588,66.49251365029887,1.6139707715270577,0.9597076106088983,1408.267374515138,5791.526455017089,116.02680701145731,60.13875043172388,93.51797358158032,207.44173254488766,120.49679493818793,250.4896072062582,457.6642117552481
2014-04-15,0.14203613103070517,0.6545562730602754,2301.6931877052148,78.07619869111964,116.13938308653319,156.97975809545403,513.5201079318566,78.94783972383588,66.92330240254341,1.6139707715270577,0.9597076106088983,1408.267374515138,5791.526455017089,116.02680701145731,60.13875043172388,93.51797358158032,207.60709990441552,118.25178722011442,250.4896072062582,458.1600825717216
2014-04-16,0.12173886900471834,0.6561397376659908,2315.1301860373055,78.07619869111964,115.30541562833776,156.97975809545403,513.5201079318566,78.94783972383588,67.4968161138408,1.6139707715270577,0.9597076106088983,1408.267374515138,5791.526455017089,116.02680701145731,60.13875043172388,93.51797358158032,207.80204455999487,115.28333744560962,250.4896072062582,458.7176405314805
2014-04-17,0.10379696418175549,0.6575330269290591,2326.9931707991304,78.07619869111964,114.5011006896915,156.97975809545403,513.5201079318566,78.94783972383588,67.99904688051114,1.6139707715270577,0.9597076106088983,1408.267374515138,5791.526455017089,116.02680701145731,60.13875043172388,93.51797358158032,207.9608704061562,112.47500686351832,250.4896072062582,459.2082353424201
2014-04-18,0.09199064316752778,0.6584438526465469,2334.785870404757,78.07619869111964,113.66053651434896,156.97975809545403,513.5201079318566,78.94783972383588,68.45748955438832,1.6139707715270577,0.9597076106088983,1408.267374515138,5791.526455017089,116.02680701145731,60.13875043172388,93.51797358158032,208.07954332657695,110.77672372693331,250.4896072062582,459.52894862322563
2014-04-19,0.0780654083923618,0.6595093443962616,2343.957867673938,78.07619869111964,112.77967837428659,156.97975809545403,513.5201079318566,78.94783972383588,69.0624870583918,1.6139707715270577,0.9597076106088983,1408.267374515138,5791.526455017089,116.02680701145731,60.13875043172388,93.51797358158032,208.19742487282306,109.46085596281851,250.4896072062582,459.9041217745336
2014-04-20,0.06650960882938597,0.6603890607678252,2351.5596577448823,78.07619869111964,111.89801527247585,156.97975809545403,513.5201079318566,78.94783972383588,69.69745854557684,1.6139707715270577,0.9597076106088983,1408.267374515138,5791.526455017089,116.02680701145731,60.13875043172388,93.51797358158032,208.30239394024628,108.4761863408906,250.4896072062582,460.2138810602954
